heuristic,agents,profit,time,distance
one,1,5,2783.52,60922.88
one,1,10,3254.95,60922.88
one,1,15,3321.98,60992.34
one,1,20,3013.19,61542.06
one,1,25,3007.69,62729.86
one,1,30,3779.12,66362.97
one,1,35,7614.29,72310.55
one,1,40,1109.89,72912.58
one,1,45,1838.46,142647.36
one,1,50,2262.64,156170.08
one,1,55,3132.97,157693.14
one,1,60,1723.08,159216.20
one,1,65,1474.73,159216.20
one,1,70,2413.19,159216.20
one,1,75,3032.97,172582.08
one,1,80,3316.48,179623.45
one,1,85,5679.12,186496.54
one,1,90,4587.91,186503.35
one,1,95,5039.56,186503.35
one,1,100,5028.57,189647.35
one,1,105,4758.24,192947.07
one,1,110,3957.14,196685.75
one,1,115,3851.65,196715.50
one,1,120,5596.70,203097.74
one,1,125,7101.10,215743.15
one,1,130,6146.15,223924.59
one,1,135,7574.73,231001.07
one,1,140,8273.63,231035.77
one,1,145,7697.80,231035.77
one,1,150,5648.35,234828.79
one,1,155,8893.41,234994.61
one,1,160,8708.79,238749.46
one,1,165,12627.47,238833.03
one,1,170,5831.87,242782.65
one,1,175,4492.31,243410.86
one,1,180,5124.18,246867.43
one,1,185,6900.00,252063.75
one,1,190,7267.03,261581.38
one,1,195,12671.43,451537.15
one,1,200,14936.26,460341.25
one,1,205,14898.90,462155.35
one,1,210,16124.18,464245.67
one,1,215,40063.74,465840.63
one,1,220,15975.82,467248.93
one,1,225,11702.20,467255.74
one,1,230,14204.40,468416.05
one,1,235,17096.70,470917.14
one,1,240,21368.13,481618.60
one,1,245,19741.76,550019.15
one,1,250,28104.40,566996.47
one,1,255,29784.62,568740.78
one,1,260,31223.08,585182.77
one,1,265,23989.01,585992.23
one,1,270,25481.32,586767.36
one,1,275,30307.69,619405.35
one,1,280,26056.04,624785.85
one,1,285,35185.71,626273.60
one,1,290,41105.49,639583.14
one,1,295,46929.67,643635.80
one,2,5,715.38,60971.98
one,2,10,435.16,60971.98
one,2,15,479.12,61069.89
one,2,20,525.27,61626.09
one,2,25,439.56,65403.82
one,2,30,529.67,85972.77
one,2,35,496.70,86515.26
one,2,40,568.13,87580.62
one,2,45,662.64,129697.90
one,2,50,717.58,160616.62
one,2,55,1172.53,162767.49
one,2,60,895.60,164887.82
one,2,65,1348.35,164887.82
one,2,70,759.34,168017.34
one,2,75,1336.26,193892.89
one,2,80,913.19,199310.42
one,2,85,2101.10,221627.29
one,2,90,1134.07,222029.99
one,2,95,2071.43,222036.80
one,2,100,1929.67,228736.99
one,2,105,1998.90,232653.50
one,2,110,1252.75,236430.70
one,2,115,2035.16,238834.23
one,2,120,1483.52,249453.47
one,2,125,1729.67,264978.66
one,2,130,2080.22,269387.49
one,2,135,1784.62,287567.46
one,2,140,1435.16,287791.08
one,2,145,1661.54,287823.40
one,2,150,1517.58,291827.09
one,2,155,1493.41,291863.39
one,2,160,2034.07,301519.75
one,2,165,3205.49,308261.16
one,2,170,2750.55,308981.95
one,2,175,4575.82,313467.67
one,2,180,3449.45,317188.13
one,2,185,6569.23,325106.04
one,2,190,5528.57,347332.21
one,2,195,5961.54,506596.17
one,2,200,9285.71,547271.13
one,2,205,4741.76,558427.68
one,2,210,8300.00,582107.59
one,2,215,6356.04,584421.25
one,2,220,4848.35,585232.44
one,2,225,7132.97,599883.75
one,2,230,5219.78,603391.31
one,2,235,5019.78,605256.73
one,2,240,6363.74,610377.30
one,2,245,6290.11,625968.57
one,2,250,7437.36,681756.94
one,2,255,8206.59,698451.70
one,2,260,8130.77,703434.60
one,2,265,8470.33,709834.42
one,2,270,8250.55,711664.94
one,2,275,11845.05,712829.83
one,2,280,11569.23,724271.60
one,2,285,13920.88,758844.52
one,2,290,13135.16,767710.76
one,2,295,19363.74,776787.57
one,3,5,481.32,60971.98
one,3,10,837.36,60971.98
one,3,15,570.33,61069.89
one,3,20,627.47,61631.66
one,3,25,905.49,65439.53
one,3,30,782.42,86542.96
one,3,35,690.11,87551.34
one,3,40,646.15,88511.64
one,3,45,629.67,132245.43
one,3,50,654.95,164832.13
one,3,55,645.05,168892.05
one,3,60,657.14,171023.43
one,3,65,668.13,171023.43
one,3,70,679.12,175569.44
one,3,75,754.95,188050.73
one,3,80,760.44,191748.39
one,3,85,782.42,213521.42
one,3,90,1285.71,216197.24
one,3,95,1059.34,227707.36
one,3,100,1345.05,259562.67
one,3,105,1059.34,259908.20
one,3,110,1981.32,263691.25
one,3,115,1443.96,283807.34
one,3,120,1152.75,295141.83
one,3,125,1434.07,305566.67
one,3,130,1309.89,332390.98
one,3,135,1568.13,359931.65
one,3,140,2386.81,362710.84
one,3,145,1441.76,362716.69
one,3,150,1238.46,366722.49
one,3,155,1627.47,367571.05
one,3,160,1523.08,378971.31
one,3,165,1640.66,382518.55
one,3,170,1889.01,390507.81
one,3,175,1881.32,395130.81
one,3,180,2194.51,403140.99
one,3,185,2926.37,404875.25
one,3,190,3710.99,409556.09
one,3,195,3998.90,549249.87
one,3,200,4261.54,612718.68
one,3,205,4608.79,635082.41
one,3,210,7414.29,661131.71
one,3,215,6498.90,666142.20
one,3,220,8546.15,666875.81
one,3,225,7281.32,669166.44
one,3,230,8247.25,672386.51
one,3,235,8634.07,679253.11
one,3,240,8724.18,697098.44
one,3,245,12832.97,720659.89
one,3,250,14535.16,727855.67
one,3,255,12948.35,801565.89
one,3,260,9792.31,824438.33
one,3,265,11736.26,838385.39
one,3,270,9387.91,849577.43
one,3,275,9762.64,853755.79
one,3,280,10650.55,864274.89
one,3,285,10290.11,873704.20
one,3,290,11337.36,1104547.75
one,3,295,12275.82,1142361.17
one,4,5,531.87,60971.98
one,4,10,460.44,60971.98
one,4,15,471.43,61069.89
one,4,20,735.16,61631.66
one,4,25,587.91,65447.58
one,4,30,674.73,86586.50
one,4,35,698.90,87594.89
one,4,40,693.41,88555.18
one,4,45,664.84,132341.30
one,4,50,801.10,165094.70
one,4,55,713.19,169130.77
one,4,60,862.64,171253.11
one,4,65,715.38,171253.11
one,4,70,994.51,175799.11
one,4,75,858.24,196038.63
one,4,80,805.49,196038.63
one,4,85,815.38,218772.69
one,4,90,787.91,223035.12
one,4,95,834.07,226277.51
one,4,100,794.51,246605.60
one,4,105,836.26,246985.11
one,4,110,881.32,246994.60
one,4,115,928.57,271711.94
one,4,120,984.62,303984.70
one,4,125,993.41,315852.99
one,4,130,1131.87,342654.45
one,4,135,1286.81,373003.64
one,4,140,1418.68,373868.49
one,4,145,1329.67,373914.36
one,4,150,1472.53,374016.80
one,4,155,1439.56,383702.97
one,4,160,2187.91,416284.87
one,4,165,2636.26,427615.64
one,4,170,2824.18,438010.92
one,4,175,1886.81,441044.34
one,4,180,3085.71,461960.16
one,4,185,2690.11,487340.04
one,4,190,4935.16,497535.92
one,4,195,4536.26,542324.97
one,4,200,4447.25,673361.82
one,4,205,4809.89,713420.26
one,4,210,4307.69,741085.85
one,4,215,4782.42,753000.14
one,4,220,4496.70,753197.35
one,4,225,4407.69,755838.64
one,4,230,4479.12,761762.20
one,4,235,4668.13,764539.38
one,4,240,5020.88,769428.91
one,4,245,7724.18,785953.83
one,4,250,10154.95,817964.63
one,4,255,11085.71,910677.67
one,4,260,12905.49,962543.73
one,4,265,16925.27,1008840.69
one,4,270,15206.59,1031238.31
one,4,275,15640.66,1040826.98
one,4,280,20943.96,1046048.11
one,4,285,17416.48,1079541.14
one,4,290,13054.95,1102817.71
one,4,295,11754.95,1146266.15
one,6,5,569.23,60971.98
one,6,10,865.93,60971.98
one,6,15,842.86,61069.89
one,6,20,571.43,61631.66
one,6,25,663.74,65447.58
one,6,30,691.21,86586.50
one,6,35,636.26,87594.89
one,6,40,683.52,88555.18
one,6,45,929.67,132341.30
one,6,50,759.34,165094.70
one,6,55,1064.84,169160.13
one,6,60,721.98,171296.65
one,6,65,1446.15,171296.65
one,6,70,764.84,175842.66
one,6,75,1174.73,196093.17
one,6,80,917.58,196093.17
one,6,85,883.52,218827.22
one,6,90,1169.23,223089.66
one,6,95,1271.43,226669.39
one,6,100,1092.31,250780.91
one,6,105,954.95,251119.48
one,6,110,868.13,251119.48
one,6,115,1017.58,271946.49
one,6,120,927.47,333121.78
one,6,125,963.74,333825.83
one,6,130,1135.16,360651.78
one,6,135,1073.63,392941.41
one,6,140,1081.32,397476.97
one,6,145,1124.18,397606.80
one,6,150,1153.85,401514.14
one,6,155,1187.91,407556.38
one,6,160,1292.31,448592.64
one,6,165,1373.63,482551.45
one,6,170,1695.60,500904.47
one,6,175,1690.11,516421.36
one,6,180,3668.13,548952.23
one,6,185,2826.37,621552.82
one,6,190,3204.40,644123.61
one,6,195,2707.69,680484.36
one,6,200,4038.46,757574.62
one,6,205,2879.12,841555.69
one,6,210,4476.92,882443.14
one,6,215,3524.18,898429.35
one,6,220,5294.51,898988.50
one,6,225,5203.30,905690.15
one,6,230,4664.84,939099.09
one,6,235,5939.56,964086.17
one,6,240,5470.33,976811.02
one,6,245,4975.82,990936.59
one,6,250,6004.40,1016766.06
one,6,255,6470.33,1114533.39
one,6,260,7221.98,1176648.25
one,6,265,8401.10,1261438.10
one,6,270,10001.10,1286232.42
one,6,275,9559.34,1299919.82
one,6,280,14263.74,1308437.74
one,6,285,19601.10,1344132.40
one,6,290,19049.45,1386582.33
one,6,295,30027.47,1498347.49
one,8,5,729.67,60971.98
one,8,10,1474.73,60971.98
one,8,15,1125.27,61069.89
one,8,20,1474.73,61631.66
one,8,25,1140.66,65447.58
one,8,30,990.11,86586.50
one,8,35,827.47,87594.89
one,8,40,961.54,88555.18
one,8,45,800.00,132341.30
one,8,50,1252.75,165094.70
one,8,55,1048.35,169160.13
one,8,60,857.14,171296.65
one,8,65,829.67,171296.65
one,8,70,990.11,175842.66
one,8,75,1418.68,196093.17
one,8,80,973.63,196093.17
one,8,85,1025.27,218827.22
one,8,90,1196.70,223089.66
one,8,95,1061.54,226669.39
one,8,100,1209.89,250780.91
one,8,105,1131.87,251119.48
one,8,110,1363.74,251119.48
one,8,115,1341.76,271946.49
one,8,120,1078.02,333121.78
one,8,125,1604.40,333825.83
one,8,130,1110.99,360651.78
one,8,135,1695.60,392941.41
one,8,140,1317.58,397685.98
one,8,145,1231.87,402091.05
one,8,150,1339.56,402347.48
one,8,155,1357.14,408262.04
one,8,160,1557.14,453835.11
one,8,165,1481.32,480667.01
one,8,170,1618.68,507117.86
one,8,175,1594.51,523263.18
one,8,180,1770.33,556904.11
one,8,185,2200.00,608592.29
one,8,190,2426.37,661129.21
one,8,195,2779.12,761533.29
one,8,200,2885.71,790753.43
one,8,205,4174.73,884386.67
one,8,210,3289.01,910910.15
one,8,215,4520.88,923779.24
one,8,220,3579.12,930359.63
one,8,225,3226.37,944281.35
one,8,230,4963.74,979130.87
one,8,235,3778.02,1012988.93
one,8,240,5300.00,1021971.83
one,8,245,7139.56,1074471.53
one,8,250,6274.73,1222574.28
one,8,255,8536.26,1338544.84
one,8,260,7994.51,1391412.61
one,8,265,6787.91,1444534.78
one,8,270,6828.57,1456109.88
one,8,275,7481.32,1460413.20
one,8,280,7686.81,1534432.69
one,8,285,11185.71,1601814.54
one,8,290,10549.45,1738089.42
one,8,295,10723.08,1809472.75
one,10,5,760.44,60971.98
one,10,10,891.21,60971.98
one,10,15,894.51,61069.89
one,10,20,1725.27,61631.66
one,10,25,1012.09,65447.58
one,10,30,836.26,86586.50
one,10,35,1123.08,87594.89
one,10,40,1089.01,88555.18
one,10,45,1004.40,132341.30
one,10,50,1202.20,165094.70
one,10,55,1246.15,169160.13
one,10,60,1134.07,171296.65
one,10,65,1226.37,171296.65
one,10,70,947.25,175842.66
one,10,75,1174.73,196093.17
one,10,80,1003.30,196093.17
one,10,85,1694.51,218827.22
one,10,90,1379.12,223089.66
one,10,95,1151.65,226669.39
one,10,100,1216.48,250780.91
one,10,105,1294.51,251119.48
one,10,110,1189.01,251119.48
one,10,115,1238.46,271946.49
one,10,120,1258.24,333121.78
one,10,125,1386.81,333825.83
one,10,130,1234.07,360651.78
one,10,135,1823.08,392941.41
one,10,140,1583.52,397685.98
one,10,145,2179.12,402489.14
one,10,150,1570.33,403116.93
one,10,155,1490.11,413554.91
one,10,160,1879.12,454494.73
one,10,165,1629.67,481348.80
one,10,170,1884.62,505854.52
one,10,175,2095.60,522163.60
one,10,180,1842.86,556563.05
one,10,185,2000.00,621263.99
one,10,190,2792.31,662519.03
one,10,195,2535.16,778991.64
one,10,200,2549.45,802328.15
one,10,205,2641.76,900778.93
one,10,210,2985.71,926101.26
one,10,215,2704.40,940537.85
one,10,220,2821.98,942498.81
one,10,225,2865.93,956531.38
one,10,230,3702.20,994097.14
one,10,235,3460.44,1030083.46
one,10,240,5276.92,1072056.65
one,10,245,7848.35,1116840.90
one,10,250,8163.74,1302279.25
one,10,255,13215.38,1434114.29
one,10,260,7541.76,1478341.56
one,10,265,10663.74,1508797.24
one,10,270,11076.92,1518172.30
one,10,275,7467.03,1555857.32
one,10,280,10472.53,1662396.63
one,10,285,8763.74,1817261.05
one,10,290,8239.56,1945077.77
one,10,295,9101.10,2042750.74
two,1,5,6282.42,60922.88
two,1,10,3800.00,60922.88
two,1,15,3581.32,60992.34
two,1,20,4685.71,61538.91
two,1,25,5089.01,63525.48
two,1,30,7406.59,67035.31
two,1,35,8992.31,69889.52
two,1,40,7156.04,70459.99
two,1,45,12943.96,79910.01
two,1,50,22714.29,105963.66
two,1,55,31434.07,140690.45
two,1,60,34905.49,142806.03
two,1,65,30268.13,142758.17
two,1,70,34738.46,142936.73
two,1,75,34183.52,142995.40
two,1,80,39862.64,156230.68
two,1,85,40743.96,164634.49
two,1,90,48853.85,165795.96
two,1,95,38860.44,166495.39
two,1,100,44617.58,166574.66
two,1,105,49970.33,169881.48
two,1,110,53273.63,173196.47
two,1,115,52024.18,176439.53
two,1,120,58460.44,176759.26
two,1,125,63043.96,177498.71
two,1,130,103884.62,189075.04
two,1,135,98498.90,234224.29
two,1,140,115393.41,239229.77
two,1,145,170828.57,241140.46
two,1,150,203552.75,241763.77
two,1,155,134634.07,242055.59
two,1,160,135758.24,242541.23
two,1,165,156231.87,242508.93
two,1,170,181380.22,243279.69
two,1,175,165759.34,247481.96
two,1,180,166732.97,248753.30
two,1,185,204157.14,250488.00
two,1,190,239998.90,252970.93
two,1,195,329962.64,259922.06
two,1,200,476234.07,263579.41
two,1,205,669645.05,267808.86
two,1,210,788684.62,276326.45
two,1,215,1029859.34,308418.50
two,1,220,1316674.73,453413.48
two,1,225,1314336.26,491106.29
two,1,230,1063329.67,513718.61
two,1,235,1038019.78,513729.27
two,1,240,1054973.63,514265.34
two,1,245,1159731.87,515590.46
two,1,250,1162403.30,517422.61
two,1,255,1345290.11,518981.58
two,1,260,1315856.04,522444.73
two,1,265,1344510.99,530807.99
two,1,270,1590757.14,562559.28
two,1,275,1721330.77,601629.32
two,1,280,2002707.69,614649.12
two,1,285,1692989.01,620244.09
two,1,290,1637165.93,620906.42
two,1,295,1658400.00,627504.22
two,2,5,1673.63,60971.98
two,2,10,1643.96,60971.98
two,2,15,1659.34,61069.89
two,2,20,1756.04,61626.09
two,2,25,1742.86,65403.82
two,2,30,2278.02,85960.96
two,2,35,2393.41,86490.06
two,2,40,2486.81,88015.15
two,2,45,3872.53,129605.58
two,2,50,4678.02,157401.10
two,2,55,6517.58,165225.19
two,2,60,4647.25,168186.88
two,2,65,4771.43,167973.48
two,2,70,4681.32,167982.46
two,2,75,6563.74,176143.06
two,2,80,9042.86,182988.00
two,2,85,10871.43,205722.95
two,2,90,10229.67,206292.98
two,2,95,10108.79,206556.37
two,2,100,13406.59,207263.40
two,2,105,14405.49,221198.74
two,2,110,12521.98,225077.51
two,2,115,17839.56,227211.19
two,2,120,20046.15,224327.04
two,2,125,24991.21,246461.71
two,2,130,33849.45,258974.68
two,2,135,40241.76,296466.99
two,2,140,33896.70,302438.51
two,2,145,39694.51,300910.99
two,2,150,43631.87,304432.65
two,2,155,47946.15,304111.11
two,2,160,44809.89,302893.46
two,2,165,60268.13,307537.11
two,2,170,67651.65,311186.43
two,2,175,71186.81,315188.80
two,2,180,90213.19,323553.41
two,2,185,98858.24,323827.99
two,2,190,132243.96,333135.63
two,2,195,138507.69,337732.25
two,2,200,210492.31,349553.69
two,2,205,299264.84,355659.86
two,2,210,369556.04,382688.98
two,2,215,435420.88,410768.34
two,2,220,501148.35,563920.23
two,2,225,607014.29,600842.76
two,2,230,501247.25,608171.93
two,2,235,559945.05,611546.64
two,2,240,558876.92,609275.10
two,2,245,514521.98,618016.10
two,2,250,560107.69,618498.65
two,2,255,603518.68,634919.83
two,2,260,557527.47,630863.81
two,2,265,702279.12,653266.74
two,2,270,850445.05,678940.77
two,2,275,800992.31,690323.11
two,2,280,742423.08,754414.87
two,2,285,815371.43,780124.89
two,2,290,1260389.01,807352.58
two,2,295,943382.42,841673.91
two,3,5,2536.26,60971.98
two,3,10,2276.92,60971.98
two,3,15,2702.20,61069.89
two,3,20,2293.41,61631.66
two,3,25,2804.40,65439.53
two,3,30,2620.88,86542.96
two,3,35,2518.68,87551.34
two,3,40,2598.90,88511.64
two,3,45,2739.56,132245.43
two,3,50,3684.62,161149.38
two,3,55,4525.27,168995.79
two,3,60,4010.99,171127.18
two,3,65,4092.31,171127.18
two,3,70,3906.59,175811.56
two,3,75,4667.03,190326.42
two,3,80,4719.78,192490.77
two,3,85,4519.78,213481.35
two,3,90,5367.03,215723.68
two,3,95,6139.56,219789.51
two,3,100,6231.87,234834.54
two,3,105,8804.40,235743.29
two,3,110,6445.05,235837.93
two,3,115,8068.13,257928.87
two,3,120,12056.04,267675.63
two,3,125,25160.44,304223.22
two,3,130,29653.85,332012.13
two,3,135,28427.47,369305.60
two,3,140,41837.36,374095.80
two,3,145,19262.64,373284.15
two,3,150,24686.81,377023.65
two,3,155,51945.05,374340.98
two,3,160,53883.52,381264.46
two,3,165,39338.46,383712.36
two,3,170,60462.64,395920.79
two,3,175,71189.01,396964.43
two,3,180,66748.35,403395.47
two,3,185,81095.60,414482.82
two,3,190,97967.03,413273.42
two,3,195,113461.54,418836.31
two,3,200,173862.64,429317.42
two,3,205,206615.38,436838.03
two,3,210,273416.48,489996.10
two,3,215,359898.90,536702.26
two,3,220,367215.38,650765.43
two,3,225,374676.92,701330.20
two,3,230,418923.08,707794.49
two,3,235,385452.75,720669.63
two,3,240,565401.10,722839.57
two,3,245,319375.82,713275.77
two,3,250,399901.10,715412.53
two,3,255,393103.30,745584.65
two,3,260,587135.16,758261.81
two,3,265,582843.96,785035.80
two,3,270,659165.93,852741.19
two,3,275,650979.12,889129.91
two,3,280,665848.35,994980.07
two,3,285,671931.87,1030583.93
two,3,290,855515.38,1058257.36
two,3,295,981291.21,1065787.59
two,4,5,7640.66,60971.98
two,4,10,7447.25,60971.98
two,4,15,7280.22,61069.89
two,4,20,5385.71,61631.66
two,4,25,3969.23,65447.58
two,4,30,5926.37,86586.50
two,4,35,7009.89,87594.89
two,4,40,7349.45,88555.18
two,4,45,9116.48,132341.30
two,4,50,9765.93,165094.70
two,4,55,7391.21,169130.77
two,4,60,7457.14,171253.11
two,4,65,9512.09,171253.11
two,4,70,10279.12,175799.11
two,4,75,8273.63,196038.63
two,4,80,11959.34,196038.63
two,4,85,9181.32,218772.69
two,4,90,10046.15,223035.12
two,4,95,8584.62,226125.67
two,4,100,10129.67,246512.36
two,4,105,10384.62,246880.09
two,4,110,8246.15,246875.84
two,4,115,4785.71,267752.51
two,4,120,10990.11,280196.47
two,4,125,25250.55,304779.56
two,4,130,29090.11,352202.41
two,4,135,33359.34,378811.02
two,4,140,25500.00,382679.36
two,4,145,19510.99,385354.73
two,4,150,17706.59,381201.66
two,4,155,27779.12,387110.36
two,4,160,24127.47,422865.18
two,4,165,42528.57,429372.16
two,4,170,63349.45,437026.42
two,4,175,71245.05,444528.89
two,4,180,89368.13,466690.62
two,4,185,124361.54,485959.57
two,4,190,156800.00,497282.73
two,4,195,142234.07,509695.70
two,4,200,199839.56,537082.97
two,4,205,294240.66,559722.03
two,4,210,487380.22,610955.63
two,4,215,503362.64,718264.39
two,4,220,514069.23,779368.38
two,4,225,296565.93,790528.74
two,4,230,245741.76,799291.90
two,4,235,266146.15,820474.25
two,4,240,322394.51,817262.69
two,4,245,289248.35,830075.84
two,4,250,267190.11,839208.08
two,4,255,249553.85,845891.28
two,4,260,274948.35,898275.72
two,4,265,436702.20,933269.88
two,4,270,422927.47,996119.73
two,4,275,479469.23,1072604.78
two,4,280,509895.60,1141974.45
two,4,285,524817.58,1157717.95
two,4,290,421920.88,1168993.29
two,4,295,505591.21,1225654.89
two,6,5,4832.97,60971.98
two,6,10,4679.12,60971.98
two,6,15,5010.99,61069.89
two,6,20,4940.66,61631.66
two,6,25,4772.53,65447.58
two,6,30,4940.66,86586.50
two,6,35,5312.09,87594.89
two,6,40,4975.82,88555.18
two,6,45,5160.44,132341.30
two,6,50,6706.59,165094.70
two,6,55,7008.79,169160.13
two,6,60,9967.03,171296.65
two,6,65,11679.12,171296.65
two,6,70,8287.91,175842.66
two,6,75,6709.89,196093.17
two,6,80,7752.75,196093.17
two,6,85,6316.48,218827.22
two,6,90,7063.74,223089.66
two,6,95,8376.92,226669.39
two,6,100,10176.92,250780.91
two,6,105,7907.69,251119.48
two,6,110,6517.58,251119.48
two,6,115,6681.32,271946.49
two,6,120,6835.16,333121.78
two,6,125,6763.74,333825.83
two,6,130,6847.25,360651.78
two,6,135,8052.75,392941.41
two,6,140,7476.92,397353.66
two,6,145,8364.84,397418.20
two,6,150,7449.45,397607.16
two,6,155,10559.34,403496.11
two,6,160,18691.21,444393.81
two,6,165,15460.44,468801.00
two,6,170,15214.29,494722.31
two,6,175,28173.63,507900.69
two,6,180,28996.70,544361.83
two,6,185,48723.08,592859.25
two,6,190,64527.47,596438.85
two,6,195,65017.58,623089.78
two,6,200,60829.67,638338.54
two,6,205,76176.92,758426.93
two,6,210,94763.74,851073.41
two,6,215,111078.02,882515.20
two,6,220,91031.87,904197.87
two,6,225,148431.87,917515.56
two,6,230,131061.54,952076.65
two,6,235,140929.67,979694.30
two,6,240,134563.74,986346.96
two,6,245,161002.20,1000673.86
two,6,250,186583.52,1014938.87
two,6,255,218083.52,1093279.98
two,6,260,215646.15,1175650.11
two,6,265,237824.18,1230411.43
two,6,270,262990.11,1232315.66
two,6,275,228174.73,1321696.54
two,6,280,287759.34,1390320.32
two,6,285,302893.41,1426345.32
two,6,290,361568.13,1462017.84
two,6,295,284883.52,1499815.85
two,8,5,7847.25,60971.98
two,8,10,8604.40,60971.98
two,8,15,7792.31,61069.89
two,8,20,8228.57,61631.66
two,8,25,8420.88,65447.58
two,8,30,8510.99,86586.50
two,8,35,8679.12,87594.89
two,8,40,8759.34,88555.18
two,8,45,8900.00,132341.30
two,8,50,9235.16,165094.70
two,8,55,8681.32,169160.13
two,8,60,8728.57,171296.65
two,8,65,8870.33,171296.65
two,8,70,8624.18,175842.66
two,8,75,8912.09,196093.17
two,8,80,8874.73,196093.17
two,8,85,8904.40,218827.22
two,8,90,9108.79,223089.66
two,8,95,8948.35,226669.39
two,8,100,9707.69,250780.91
two,8,105,9089.01,251119.48
two,8,110,8957.14,251119.48
two,8,115,9091.21,271946.49
two,8,120,13161.54,333121.78
two,8,125,9052.75,333825.83
two,8,130,10325.27,360651.78
two,8,135,9231.87,392941.41
two,8,140,8535.16,397685.98
two,8,145,9084.62,398464.35
two,8,150,8681.32,398575.14
two,8,155,9657.14,404596.18
two,8,160,10273.63,450163.52
two,8,165,14653.85,477318.23
two,8,170,12413.19,502233.09
two,8,175,15929.67,518901.67
two,8,180,11276.92,556047.41
two,8,185,17547.25,605266.24
two,8,190,19102.20,639678.62
two,8,195,28417.58,673073.98
two,8,200,41383.52,725063.47
two,8,205,37160.44,860752.42
two,8,210,48247.25,910554.19
two,8,215,51756.04,944794.82
two,8,220,52938.46,951389.66
two,8,225,54142.86,965871.41
two,8,230,47237.36,1005143.38
two,8,235,50649.45,1029840.81
two,8,240,66838.46,1040279.21
two,8,245,87501.10,1059771.66
two,8,250,85532.97,1168468.52
two,8,255,109236.26,1269506.67
two,8,260,126689.01,1359222.14
two,8,265,133084.62,1388360.74
two,8,270,156090.11,1436734.34
two,8,275,151951.65,1502633.54
two,8,280,180537.36,1573384.26
two,8,285,147253.85,1669107.04
two,8,290,176915.38,1735577.28
two,8,295,183970.33,1761681.49
two,10,5,8827.47,60971.98
two,10,10,8949.45,60971.98
two,10,15,8945.05,61069.89
two,10,20,8967.03,61631.66
two,10,25,9046.15,65447.58
two,10,30,9213.19,86586.50
two,10,35,9189.01,87594.89
two,10,40,9238.46,88555.18
two,10,45,9425.27,132341.30
two,10,50,9634.07,165094.70
two,10,55,9834.07,169160.13
two,10,60,9682.42,171296.65
two,10,65,9689.01,171296.65
two,10,70,10384.62,175842.66
two,10,75,10023.08,196093.17
two,10,80,10086.81,196093.17
two,10,85,10294.51,218827.22
two,10,90,10420.88,223089.66
two,10,95,10867.03,226669.39
two,10,100,10117.58,250780.91
two,10,105,12126.37,251119.48
two,10,110,10121.98,251119.48
two,10,115,10594.51,271946.49
two,10,120,10206.59,333121.78
two,10,125,10224.18,333825.83
two,10,130,10330.77,360651.78
two,10,135,10737.36,392941.41
two,10,140,12019.78,397685.98
two,10,145,10818.68,402489.14
two,10,150,10820.88,403116.93
two,10,155,13326.37,413554.91
two,10,160,12348.35,454494.73
two,10,165,12237.36,481348.80
two,10,170,13954.95,502138.11
two,10,175,13532.97,522823.12
two,10,180,13117.58,557147.52
two,10,185,14362.64,618440.30
two,10,190,14808.79,656113.41
two,10,195,23518.68,703854.00
two,10,200,23437.36,762078.77
two,10,205,32795.60,894643.80
two,10,210,28568.13,937567.13
two,10,215,33745.05,956543.18
two,10,220,38767.03,964039.37
two,10,225,34714.29,973986.73
two,10,230,33123.08,1014959.38
two,10,235,34102.20,1049864.51
two,10,240,38389.01,1076820.61
two,10,245,49975.82,1114010.57
two,10,250,60892.31,1235701.11
two,10,255,71510.99,1377197.28
two,10,260,94761.54,1406933.91
two,10,265,116230.77,1484773.96
two,10,270,112308.79,1549224.75
two,10,275,109256.04,1589854.61
two,10,280,132191.21,1678931.15
two,10,285,134434.07,1780096.17
two,10,290,139586.81,1878620.97
two,10,295,152585.71,2001574.49
three,1,5,6626.37,32436.48
three,1,10,3627.47,32436.48
three,1,15,2189.01,32532.72
three,1,20,1669.23,33112.24
three,1,25,1500.00,35398.77
three,1,30,1802.20,41550.74
three,1,35,2195.60,47498.32
three,1,40,2391.21,48100.35
three,1,45,3341.76,124691.54
three,1,50,3651.65,139609.65
three,1,55,3745.05,141132.70
three,1,60,4517.58,142655.76
three,1,65,2102.20,142655.76
three,1,70,2492.31,142655.76
three,1,75,2776.92,156021.65
three,1,80,2323.08,163063.02
three,1,85,2527.47,186496.54
three,1,90,2283.52,186503.35
three,1,95,2110.99,186503.35
three,1,100,1993.41,189647.35
three,1,105,2638.46,192947.07
three,1,110,1489.01,196685.75
three,1,115,1463.74,196715.50
three,1,120,1689.01,203097.74
three,1,125,1439.56,215743.15
three,1,130,2040.66,223924.59
three,1,135,2008.79,231001.07
three,1,140,2162.64,231035.77
three,1,145,1804.40,231035.77
three,1,150,2240.66,234828.79
three,1,155,1763.74,234994.61
three,1,160,2232.97,238749.46
three,1,165,2393.41,238833.03
three,1,170,4387.91,242782.65
three,1,175,4545.05,243410.86
three,1,180,3876.92,246867.43
three,1,185,6271.43,252063.75
three,1,190,7292.31,261581.38
three,1,195,8584.62,451537.15
three,1,200,7148.35,460341.25
three,1,205,7340.66,462155.35
three,1,210,8371.43,464245.67
three,1,215,7486.81,465840.63
three,1,220,9532.97,467248.93
three,1,225,6253.85,467255.74
three,1,230,6401.10,468416.05
three,1,235,6969.23,470917.14
three,1,240,8390.11,481618.60
three,1,245,10830.77,550019.15
three,1,250,11446.15,566996.47
three,1,255,12495.60,568740.78
three,1,260,13468.13,585182.77
three,1,265,13972.53,585992.23
three,1,270,15927.47,586767.36
three,1,275,18496.70,619405.35
three,1,280,19236.26,624785.85
three,1,285,23280.22,626273.60
three,1,290,22565.93,639583.14
three,1,295,24608.79,643635.80
three,2,5,502.20,32434.07
three,2,10,697.80,32434.07
three,2,15,636.26,32547.44
three,2,20,562.64,33132.53
three,2,25,759.34,35428.82
three,2,30,709.89,41609.71
three,2,35,1083.52,48482.77
three,2,40,1025.27,49090.54
three,2,45,949.45,94431.92
three,2,50,1620.88,129101.78
three,2,55,1305.49,130681.63
three,2,60,1265.93,132204.68
three,2,65,1436.26,132204.68
three,2,70,1441.76,132204.68
three,2,75,1331.87,156346.79
three,2,80,1432.97,164961.00
three,2,85,1551.65,188987.88
three,2,90,1740.66,189722.57
three,2,95,2981.32,189722.57
three,2,100,2086.81,192866.56
three,2,105,1973.63,196386.50
three,2,110,4853.85,200178.34
three,2,115,2909.89,200646.22
three,2,120,3627.47,207284.23
three,2,125,2398.90,223293.17
three,2,130,3491.21,230406.16
three,2,135,3430.77,241679.74
three,2,140,3378.02,241751.87
three,2,145,2684.62,241751.87
three,2,150,2349.45,245556.29
three,2,155,2407.69,245722.11
three,2,160,2675.82,250264.97
three,2,165,2779.12,250478.48
three,2,170,3086.81,254460.21
three,2,175,3775.82,256329.78
three,2,180,3534.07,259371.55
three,2,185,4659.34,264530.32
three,2,190,5420.88,278870.29
three,2,195,6035.16,449815.74
three,2,200,6195.60,475932.03
three,2,205,7508.79,486584.62
three,2,210,7909.89,489414.04
three,2,215,8284.62,489641.65
three,2,220,8240.66,491047.19
three,2,225,14239.56,494972.32
three,2,230,16963.74,496028.91
three,2,235,22154.95,497924.97
three,2,240,18547.25,515800.89
three,2,245,18391.21,583182.51
three,2,250,12841.76,599884.20
three,2,255,12092.31,605696.25
three,2,260,13385.71,615057.02
three,2,265,15237.36,615956.69
three,2,270,14436.26,623737.03
three,2,275,16791.21,654257.94
three,2,280,20482.42,661317.05
three,2,285,17794.51,666874.25
three,2,290,17401.10,670315.78
three,2,295,19469.23,674798.99
three,3,5,801.10,32434.07
three,3,10,685.71,32434.07
three,3,15,1160.44,32547.44
three,3,20,1203.30,33139.01
three,3,25,956.04,35435.30
three,3,30,1571.43,41616.19
three,3,35,1405.49,48489.25
three,3,40,1759.34,49097.02
three,3,45,2475.82,94453.13
three,3,50,2673.63,125663.79
three,3,55,1979.12,131014.63
three,3,60,2373.63,132537.69
three,3,65,1904.40,132537.69
three,3,70,2129.67,132537.69
three,3,75,2995.60,156679.79
three,3,80,2347.25,165323.72
three,3,85,2873.63,189350.60
three,3,90,3180.22,190085.29
three,3,95,2890.11,190085.29
three,3,100,4197.80,193229.28
three,3,105,4950.55,196741.84
three,3,110,4482.42,200533.68
three,3,115,4958.24,201001.56
three,3,120,4016.48,207640.09
three,3,125,5501.10,224075.44
three,3,130,5130.77,231270.87
three,3,135,4853.85,242130.09
three,3,140,4786.81,242884.59
three,3,145,7712.09,242884.59
three,3,150,4861.54,243188.35
three,3,155,6338.46,247116.62
three,3,160,5746.15,251597.85
three,3,165,4530.77,251912.15
three,3,170,6087.91,252294.95
three,3,175,7098.90,258346.40
three,3,180,6051.65,261407.01
three,3,185,6664.84,262943.37
three,3,190,8656.04,270306.41
three,3,195,10670.33,353069.00
three,3,200,15118.68,481482.21
three,3,205,23450.55,493584.63
three,3,210,15481.32,496384.30
three,3,215,19604.40,496475.84
three,3,220,22197.80,496752.90
three,3,225,12742.86,501965.53
three,3,230,19120.88,502252.75
three,3,235,18765.93,504326.92
three,3,240,16691.21,515610.53
three,3,245,21335.16,551845.41
three,3,250,31800.00,595209.34
three,3,255,28804.40,612873.35
three,3,260,29128.57,622561.43
three,3,265,30843.96,623416.87
three,3,270,28091.21,630269.86
three,3,275,26730.77,645520.66
three,3,280,28718.68,664415.31
three,3,285,32890.11,675267.88
three,3,290,40280.22,679427.60
three,3,295,52850.55,684165.65
three,4,5,1785.71,32434.07
three,4,10,1151.65,32434.07
three,4,15,1304.40,32547.44
three,4,20,669.23,33139.01
three,4,25,646.15,35435.30
three,4,30,878.02,41616.19
three,4,35,991.21,48489.25
three,4,40,1162.64,49097.02
three,4,45,1417.58,94453.13
three,4,50,1794.51,125679.29
three,4,55,1753.85,131097.94
three,4,60,2741.76,132620.99
three,4,65,5574.73,132620.99
three,4,70,2414.29,132620.99
three,4,75,2460.44,156763.10
three,4,80,2458.24,165407.02
three,4,85,3425.27,189433.90
three,4,90,3112.09,190168.59
three,4,95,4138.46,190168.59
three,4,100,3586.81,193312.59
three,4,105,4036.26,196827.68
three,4,110,4007.69,200619.52
three,4,115,4695.60,201087.41
three,4,120,2831.87,207725.93
three,4,125,2819.78,224161.28
three,4,130,3205.49,231355.32
three,4,135,4063.74,242214.54
three,4,140,3420.88,242969.04
three,4,145,3795.60,242969.04
three,4,150,3652.75,243276.51
three,4,155,3493.41,247204.78
three,4,160,4018.68,251687.35
three,4,165,4680.22,252001.87
three,4,170,5267.03,252390.05
three,4,175,6591.21,254782.98
three,4,180,6930.77,261684.75
three,4,185,7052.75,263314.92
three,4,190,11581.32,266847.13
three,4,195,10813.19,342563.29
three,4,200,13354.95,449568.01
three,4,205,14302.20,495802.99
three,4,210,12818.68,498602.66
three,4,215,11837.36,498694.20
three,4,220,21951.65,498805.44
three,4,225,11281.32,502893.72
three,4,230,11993.41,504471.10
three,4,235,12830.77,506355.69
three,4,240,13094.51,517230.68
three,4,245,14392.31,551146.11
three,4,250,16663.74,586191.52
three,4,255,20330.77,613535.71
three,4,260,16983.52,625140.76
three,4,265,16924.18,626070.19
three,4,270,16483.52,632946.69
three,4,275,22620.88,647785.27
three,4,280,19774.73,661916.39
three,4,285,22804.40,678554.51
three,4,290,20710.99,682541.95
three,4,295,32702.20,687121.17
three,6,5,1475.82,32434.07
three,6,10,1219.78,32434.07
three,6,15,718.68,32547.44
three,6,20,953.85,33139.01
three,6,25,882.42,35435.30
three,6,30,1409.89,41616.19
three,6,35,1092.31,48489.25
three,6,40,1417.58,49097.02
three,6,45,1870.33,94453.13
three,6,50,2274.73,125679.29
three,6,55,2452.75,131097.94
three,6,60,2380.22,132620.99
three,6,65,2345.05,132620.99
three,6,70,2302.20,132620.99
three,6,75,2525.27,156763.10
three,6,80,2673.63,165407.02
three,6,85,2952.75,189433.90
three,6,90,2994.51,190168.59
three,6,95,4368.13,190168.59
three,6,100,3882.42,193312.59
three,6,105,4329.67,196827.68
three,6,110,3715.38,200619.52
three,6,115,3585.71,201087.41
three,6,120,4541.76,207725.93
three,6,125,3930.77,224161.28
three,6,130,4489.01,231355.32
three,6,135,6804.40,242214.54
three,6,140,5085.71,242969.04
three,6,145,5834.07,242969.04
three,6,150,4753.85,243282.99
three,6,155,5805.49,247211.26
three,6,160,5770.33,251693.90
three,6,165,5415.38,252010.23
three,6,170,7339.56,252430.38
three,6,175,6515.38,254811.89
three,6,180,8115.38,261782.82
three,6,185,9358.24,263461.94
three,6,190,12920.88,267080.58
three,6,195,15213.19,343009.57
three,6,200,14973.63,442546.38
three,6,205,19910.99,496834.33
three,6,210,21141.76,499634.01
three,6,215,20287.91,499725.55
three,6,220,19017.58,499836.79
three,6,225,28482.42,503925.06
three,6,230,23480.22,505502.45
three,6,235,27664.84,507387.04
three,6,240,28656.04,518277.53
three,6,245,25317.58,549970.77
three,6,250,28382.42,585951.13
three,6,255,29072.53,614651.37
three,6,260,27101.10,626256.43
three,6,265,26141.76,627213.38
three,6,270,22903.30,634089.88
three,6,275,30112.09,648321.13
three,6,280,31353.85,662776.99
three,6,285,38016.48,679995.77
three,6,290,39350.55,683983.21
three,6,295,29567.03,688647.75
three,8,5,1913.19,32434.07
three,8,10,1412.09,32434.07
three,8,15,739.56,32547.44
three,8,20,1461.54,33139.01
three,8,25,1330.77,35435.30
three,8,30,1267.03,41616.19
three,8,35,1753.85,48489.25
three,8,40,1647.25,49097.02
three,8,45,2241.76,94453.13
three,8,50,3029.67,125679.29
three,8,55,2905.49,131097.94
three,8,60,3112.09,132620.99
three,8,65,2894.51,132620.99
three,8,70,3050.55,132620.99
three,8,75,3185.71,156763.10
three,8,80,3686.81,165407.02
three,8,85,3907.69,189433.90
three,8,90,5747.25,190168.59
three,8,95,5069.23,190168.59
three,8,100,3979.12,193312.59
three,8,105,6267.03,196827.68
three,8,110,3972.53,200619.52
three,8,115,4401.10,201087.41
three,8,120,4765.93,207725.93
three,8,125,4732.97,224161.28
three,8,130,6639.56,231355.32
three,8,135,5659.34,242214.54
three,8,140,7991.21,242969.04
three,8,145,6541.76,242969.04
three,8,150,5928.57,243282.99
three,8,155,6724.18,247211.26
three,8,160,6863.74,251693.90
three,8,165,7665.93,252010.23
three,8,170,8105.49,252430.38
three,8,175,8375.82,254811.89
three,8,180,8923.08,261858.67
three,8,185,10608.79,263537.80
three,8,190,14106.59,267156.43
three,8,195,15587.91,343087.90
three,8,200,18389.01,442624.72
three,8,205,20310.99,496985.49
three,8,210,19387.91,499785.16
three,8,215,19027.47,499876.70
three,8,220,21303.30,499987.94
three,8,225,18512.09,504076.22
three,8,230,23006.59,505653.60
three,8,235,23664.84,507538.19
three,8,240,23382.42,518428.68
three,8,245,23623.08,550121.92
three,8,250,25906.59,586102.28
three,8,255,25998.90,614802.53
three,8,260,26880.22,626407.58
three,8,265,26523.08,627364.53
three,8,270,27168.13,634241.03
three,8,275,27349.45,648472.28
three,8,280,29041.76,662928.14
three,8,285,29965.93,680146.93
three,8,290,31097.80,684134.36
three,8,295,52393.41,688798.90
three,10,5,1372.53,32434.07
three,10,10,687.91,32434.07
three,10,15,1447.25,32547.44
three,10,20,948.35,33139.01
three,10,25,1502.20,35435.30
three,10,30,2000.00,41616.19
three,10,35,1723.08,48489.25
three,10,40,1931.87,49097.02
three,10,45,3780.22,94453.13
three,10,50,3341.76,125679.29
three,10,55,3757.14,131097.94
three,10,60,3387.91,132620.99
three,10,65,3436.26,132620.99
three,10,70,3318.68,132620.99
three,10,75,3686.81,156763.10
three,10,80,4120.88,165407.02
three,10,85,4262.64,189433.90
three,10,90,4460.44,190168.59
three,10,95,4263.74,190168.59
three,10,100,5542.86,193312.59
three,10,105,6400.00,196827.68
three,10,110,8930.77,200619.52
three,10,115,6020.88,201087.41
three,10,120,5251.65,207725.93
three,10,125,6147.25,224161.28
three,10,130,6397.80,231355.32
three,10,135,8413.19,242214.54
three,10,140,8257.14,242969.04
three,10,145,6665.93,242969.04
three,10,150,8524.18,243282.99
three,10,155,7785.71,247211.26
three,10,160,7417.58,251693.90
three,10,165,8882.42,252010.23
three,10,170,8347.25,252430.38
three,10,175,10718.68,254811.89
three,10,180,11407.69,261858.67
three,10,185,12594.51,263537.80
three,10,190,16926.37,267156.43
three,10,195,17026.37,343087.90
three,10,200,19907.69,442624.72
three,10,205,20137.36,496985.49
three,10,210,20334.07,499785.16
three,10,215,24018.68,499876.70
three,10,220,22994.51,499987.94
three,10,225,23040.66,504076.22
three,10,230,25428.57,505653.60
three,10,235,26653.85,507538.19
three,10,240,25493.41,518428.68
three,10,245,49242.86,550121.92
three,10,250,32645.05,586102.28
three,10,255,35602.20,614802.53
three,10,260,35723.08,626407.58
three,10,265,33300.00,627364.53
three,10,270,33393.41,634241.03
three,10,275,40115.38,648472.28
three,10,280,43478.02,662928.14
three,10,285,41334.07,680146.93
three,10,290,38904.40,684134.36
three,10,295,40970.33,688798.90
four,1,5,15912.09,60922.88
four,1,10,7681.32,60922.88
four,1,15,20484.62,60992.34
four,1,20,25496.70,61538.91
four,1,25,7298.90,63525.48
four,1,30,13793.41,67035.31
four,1,35,31898.90,69889.52
four,1,40,26149.45,70460.80
four,1,45,78306.59,80159.29
four,1,50,174202.20,106346.07
four,1,55,158778.02,139670.84
four,1,60,191148.35,142783.10
four,1,65,97508.79,142896.94
four,1,70,32758.24,142849.57
four,1,75,39502.20,142898.85
four,1,80,41273.63,155466.92
four,1,85,57963.74,164997.76
four,1,90,49354.95,165602.52
four,1,95,55734.07,166424.75
four,1,100,51689.01,166640.71
four,1,105,58954.95,169864.57
four,1,110,54148.35,173126.55
four,1,115,66146.15,176495.06
four,1,120,57890.11,176656.92
four,1,125,74828.57,177786.30
four,1,130,102229.67,189195.15
four,1,135,126910.99,234896.37
four,1,140,152050.55,239497.18
four,1,145,132721.98,241174.00
four,1,150,135101.10,241928.20
four,1,155,159520.88,241952.29
four,1,160,170598.90,242197.14
four,1,165,200983.52,243018.00
four,1,170,199347.25,243145.40
four,1,175,208464.84,247406.29
four,1,180,217635.16,248544.85
four,1,185,230879.12,250048.63
four,1,190,285276.92,252568.57
four,1,195,340261.54,259821.02
four,1,200,583890.11,263397.74
four,1,205,739040.66,267297.29
four,1,210,797489.01,275940.91
four,1,215,1024071.43,304840.89
four,1,220,1382341.76,461052.22
four,1,225,1193541.76,493206.97
four,1,230,1297816.48,510108.00
four,1,235,1226697.80,514114.81
four,1,240,1336946.15,514459.18
four,1,245,1359204.40,514892.47
four,1,250,1398463.74,516610.93
four,1,255,1434967.03,519360.40
four,1,260,1771095.60,522780.38
four,1,265,1699721.98,531057.89
four,1,270,1744757.14,566161.36
four,1,275,1933110.99,603838.24
four,1,280,2032417.58,615466.99
four,1,285,1872662.64,616858.43
four,1,290,1709461.54,617341.84
four,1,295,1767435.16,626006.85
four,2,5,1620.88,60971.98
four,2,10,1596.70,60971.98
four,2,15,1615.38,61069.89
four,2,20,1642.86,61626.09
four,2,25,1691.21,65403.82
four,2,30,2152.75,85960.96
four,2,35,3616.48,85045.98
four,2,40,3905.49,87523.64
four,2,45,3426.37,128893.50
four,2,50,6398.90,157005.93
four,2,55,7627.47,164859.55
four,2,60,14121.98,165087.24
four,2,65,6628.57,168158.26
four,2,70,11112.09,167514.18
four,2,75,13705.49,171301.02
four,2,80,25334.07,179016.89
four,2,85,19829.67,202650.63
four,2,90,24586.81,202540.09
four,2,95,18864.84,203485.80
four,2,100,30017.58,204322.32
four,2,105,38250.55,208103.32
four,2,110,33141.76,212880.20
four,2,115,42500.00,218086.65
four,2,120,50978.02,220175.28
four,2,125,52543.96,222852.92
four,2,130,72749.45,248813.30
four,2,135,109842.86,281038.00
four,2,140,131953.85,285471.40
four,2,145,126773.63,288026.81
four,2,150,125174.73,290834.58
four,2,155,149393.41,291557.55
four,2,160,148664.84,289186.74
four,2,165,140396.70,292811.12
four,2,170,178297.80,294332.16
four,2,175,196656.04,297276.24
four,2,180,195417.58,299231.37
four,2,185,254726.37,303603.79
four,2,190,307434.07,303270.07
four,2,195,324107.69,313672.78
four,2,200,522630.77,321833.42
four,2,205,703710.99,324076.84
four,2,210,789576.92,341742.78
four,2,215,1156157.14,362020.83
four,2,220,1235314.29,487699.75
four,2,225,1227827.47,554692.01
four,2,230,1351205.49,574249.28
four,2,235,1419717.58,576055.91
four,2,240,1234050.55,576701.03
four,2,245,1436950.55,582097.42
four,2,250,1378070.33,587061.24
four,2,255,1425676.92,594080.24
four,2,260,1525173.63,597994.32
four,2,265,1654575.82,600550.92
four,2,270,1755261.54,633917.47
four,2,275,2019804.40,663071.69
four,2,280,1861756.04,680539.00
four,2,285,1878396.70,699006.68
four,2,290,1595231.87,719754.63
four,2,295,1924282.42,726861.85
four,3,5,2176.92,60971.98
four,3,10,2159.34,60971.98
four,3,15,2161.54,61069.89
four,3,20,2196.70,61631.66
four,3,25,2604.40,65439.53
four,3,30,2428.57,86542.96
four,3,35,2772.53,87551.34
four,3,40,2519.78,88511.64
four,3,45,4407.69,132191.24
four,3,50,6256.04,159967.18
four,3,55,5184.62,167837.87
four,3,60,4139.56,171098.36
four,3,65,5681.32,171081.46
four,3,70,6710.99,169402.69
four,3,75,6545.05,187100.76
four,3,80,9368.13,190662.20
four,3,85,7872.53,212452.25
four,3,90,11501.10,215718.91
four,3,95,14450.55,216113.32
four,3,100,22624.18,217033.48
four,3,105,24885.71,227273.18
four,3,110,32552.75,225922.52
four,3,115,32787.91,246752.86
four,3,120,43428.57,250581.26
four,3,125,61692.31,268765.48
four,3,130,73756.04,298918.54
four,3,135,78594.51,350610.77
four,3,140,71541.76,354034.12
four,3,145,105086.81,353416.33
four,3,150,82294.51,354358.45
four,3,155,85815.38,361228.38
four,3,160,84846.15,361687.50
four,3,165,137308.79,365336.58
four,3,170,187267.03,362764.99
four,3,175,147309.89,377178.21
four,3,180,170428.57,375867.58
four,3,185,201270.33,383145.24
four,3,190,254090.11,390298.17
four,3,195,353603.30,395489.86
four,3,200,473113.19,394779.13
four,3,205,629925.27,407320.30
four,3,210,779743.96,421585.79
four,3,215,980951.65,467878.48
four,3,220,1101847.25,545601.23
four,3,225,1317797.80,634775.76
four,3,230,1089642.86,668724.79
four,3,235,1210616.48,667571.89
four,3,240,1259139.56,674309.00
four,3,245,1197253.85,682312.05
four,3,250,1310910.99,660484.79
four,3,255,1320440.66,673648.71
four,3,260,1424153.85,690224.49
four,3,265,1504983.52,685713.27
four,3,270,1517715.38,730036.04
four,3,275,1508386.81,757532.96
four,3,280,1806029.67,778156.12
four,3,285,1860969.23,790475.71
four,3,290,1827053.85,812804.33
four,3,295,1868450.55,838757.13
four,4,5,2831.87,60971.98
four,4,10,3250.55,60971.98
four,4,15,2835.16,61069.89
four,4,20,2859.34,61631.66
four,4,25,3082.42,65447.58
four,4,30,3078.02,86586.50
four,4,35,3091.21,87594.89
four,4,40,3293.41,88555.18
four,4,45,3361.54,132341.30
four,4,50,3481.32,165094.70
four,4,55,3572.53,169130.77
four,4,60,4600.00,170690.91
four,4,65,6235.16,170107.42
four,4,70,4609.89,175215.62
four,4,75,4684.62,195476.43
four,4,80,3597.80,196038.63
four,4,85,7031.87,217035.44
four,4,90,7469.23,221276.58
four,4,95,5559.34,224665.95
four,4,100,3916.48,246505.90
four,4,105,10315.38,245405.77
four,4,110,12417.58,238174.26
four,4,115,20173.63,260997.16
four,4,120,14418.68,271243.21
four,4,125,29287.91,280243.67
four,4,130,42396.70,319510.83
four,4,135,58664.84,363668.58
four,4,140,59042.86,366057.14
four,4,145,63243.96,363462.06
four,4,150,79549.45,366410.68
four,4,155,79300.00,377138.82
four,4,160,101060.44,411660.88
four,4,165,100608.79,412222.21
four,4,170,137654.95,407174.70
four,4,175,134198.90,418076.57
four,4,180,188264.84,437551.41
four,4,185,171372.53,454977.22
four,4,190,290475.82,464856.38
four,4,195,323551.65,457707.97
four,4,200,428954.95,480787.02
four,4,205,545319.78,499313.97
four,4,210,791778.02,543784.04
four,4,215,917338.46,574935.04
four,4,220,1171228.57,632314.40
four,4,225,1171296.70,702169.81
four,4,230,1171285.71,745309.99
four,4,235,1132125.27,739281.48
four,4,240,1060227.47,741334.49
four,4,245,1325054.95,744430.96
four,4,250,1404046.15,759522.86
four,4,255,958867.03,802540.83
four,4,260,1178309.89,793075.43
four,4,265,1271137.36,816242.88
four,4,270,2115826.37,825851.95
four,4,275,1803160.44,890754.41
four,4,280,1694306.59,905969.13
four,4,285,1476920.88,940154.94
four,4,290,1743105.49,945595.28
four,4,295,1659405.49,973380.99
four,6,5,4574.73,60971.98
four,6,10,4524.18,60971.98
four,6,15,4532.97,61069.89
four,6,20,4546.15,61631.66
four,6,25,4601.10,65447.58
four,6,30,4786.81,86586.50
four,6,35,4785.71,87594.89
four,6,40,4818.68,88555.18
four,6,45,4987.91,132341.30
four,6,50,5148.35,165094.70
four,6,55,5185.71,169160.13
four,6,60,13272.53,171296.65
four,6,65,5236.26,171296.65
four,6,70,5217.58,175842.66
four,6,75,5275.82,196093.17
four,6,80,5285.71,196093.17
four,6,85,5561.54,218827.22
four,6,90,5487.91,223089.66
four,6,95,5509.89,226669.39
four,6,100,5562.64,250780.91
four,6,105,5569.23,251119.48
four,6,110,5565.93,251119.48
four,6,115,6035.16,271946.49
four,6,120,5800.00,333121.78
four,6,125,5796.70,333825.83
four,6,130,5892.31,360651.78
four,6,135,6234.07,392941.41
four,6,140,6305.49,397357.69
four,6,145,8726.37,397367.31
four,6,150,6470.33,397607.16
four,6,155,17990.11,403207.06
four,6,160,15802.20,444465.62
four,6,165,56282.42,461739.99
four,6,170,57605.49,485360.47
four,6,175,37082.42,504613.25
four,6,180,59602.20,539195.02
four,6,185,106346.15,580371.36
four,6,190,211686.81,579813.18
four,6,195,192732.97,595217.55
four,6,200,304562.64,601393.06
four,6,205,458926.37,680603.56
four,6,210,595758.24,736175.81
four,6,215,727565.93,745407.18
four,6,220,856907.69,824583.20
four,6,225,671219.78,861631.81
four,6,230,958474.73,904054.10
four,6,235,968045.05,941973.31
four,6,240,777790.11,940413.22
four,6,245,947869.23,952505.72
four,6,250,1243923.08,945582.22
four,6,255,1056848.35,982308.78
four,6,260,1117791.21,1036159.94
four,6,265,1210708.79,1031852.17
four,6,270,1094154.95,1078268.00
four,6,275,1377097.80,1106025.86
four,6,280,1568890.11,1079441.08
four,6,285,1532651.65,1170845.12
four,6,290,1571067.03,1187028.21
four,6,295,1706170.33,1190246.07
four,8,5,6493.41,60971.98
four,8,10,6470.33,60971.98
four,8,15,6500.00,61069.89
four,8,20,6591.21,61631.66
four,8,25,6574.73,65447.58
four,8,30,6754.95,86586.50
four,8,35,6772.53,87594.89
four,8,40,6795.60,88555.18
four,8,45,6976.92,132341.30
four,8,50,7329.67,165094.70
four,8,55,7212.09,169160.13
four,8,60,7209.89,171296.65
four,8,65,7245.05,171296.65
four,8,70,7200.00,175842.66
four,8,75,7305.49,196093.17
four,8,80,7291.21,196093.17
four,8,85,7474.73,218827.22
four,8,90,7496.70,223089.66
four,8,95,7525.27,226669.39
four,8,100,7575.82,250780.91
four,8,105,7578.02,251119.48
four,8,110,7584.62,251119.48
four,8,115,7731.87,271946.49
four,8,120,8778.02,333121.78
four,8,125,8352.75,333825.83
four,8,130,7932.97,360651.78
four,8,135,8384.62,392941.41
four,8,140,8339.56,397685.98
four,8,145,8374.73,398362.40
four,8,150,14635.16,398315.64
four,8,155,17936.26,404299.72
four,8,160,9118.68,450201.29
four,8,165,37574.73,471842.97
four,8,170,9774.73,501989.23
four,8,175,77450.55,512761.53
four,8,180,29151.65,552036.94
four,8,185,76170.33,600247.29
four,8,190,114087.91,625457.46
four,8,195,139171.43,639473.67
four,8,200,267641.76,663201.37
four,8,205,313086.81,800896.34
four,8,210,458750.55,821638.80
four,8,215,616281.32,839353.65
four,8,220,816519.78,890643.35
four,8,225,623997.80,954165.67
four,8,230,1059787.91,985147.19
four,8,235,590423.08,1012259.47
four,8,240,754368.13,1010871.06
four,8,245,938349.45,1027011.50
four,8,250,832843.96,1129403.74
four,8,255,925694.51,1175323.95
four,8,260,1019764.84,1192387.80
four,8,265,1164865.93,1236468.12
four,8,270,1415512.09,1260926.34
four,8,275,1294032.97,1326120.57
four,8,280,1353730.77,1364254.45
four,8,285,1624416.48,1372873.75
four,8,290,1651669.23,1425176.69
four,8,295,1711803.30,1465440.87
four,10,5,8856.04,60971.98
four,10,10,8846.15,60971.98
four,10,15,8908.79,61069.89
four,10,20,8875.82,61631.66
four,10,25,8913.19,65447.58
four,10,30,9142.86,86586.50
four,10,35,9140.66,87594.89
four,10,40,9297.80,88555.18
four,10,45,9361.54,132341.30
four,10,50,9674.73,165094.70
four,10,55,9657.14,169160.13
four,10,60,9639.56,171296.65
four,10,65,11057.14,171296.65
four,10,70,9815.38,175842.66
four,10,75,9784.62,196093.17
four,10,80,9772.53,196093.17
four,10,85,9960.44,218827.22
four,10,90,9990.11,223089.66
four,10,95,10031.87,226669.39
four,10,100,10045.05,250780.91
four,10,105,10182.42,251119.48
four,10,110,10036.26,251119.48
four,10,115,10250.55,271946.49
four,10,120,10304.40,333121.78
four,10,125,10364.84,333825.83
four,10,130,10484.62,360651.78
four,10,135,10886.81,392941.41
four,10,140,10900.00,397685.98
four,10,145,10900.00,402489.14
four,10,150,12449.45,403116.93
four,10,155,10874.73,413554.91
four,10,160,11318.68,454494.73
four,10,165,12309.89,481348.80
four,10,170,19554.95,501919.49
four,10,175,13078.02,522807.15
four,10,180,17102.20,557069.01
four,10,185,23370.33,617435.56
four,10,190,50363.74,651348.09
four,10,195,108583.52,700035.93
four,10,200,147596.70,736135.41
four,10,205,311324.18,831776.70
four,10,210,318470.33,884494.60
four,10,215,453570.33,909869.10
four,10,220,604297.80,924507.98
four,10,225,533363.74,962193.02
four,10,230,486431.87,1002741.44
four,10,235,637609.89,1037638.26
four,10,240,499334.07,1052515.28
four,10,245,795457.14,1076599.83
four,10,250,1004904.40,1168630.96
four,10,255,775232.97,1291830.79
four,10,260,974285.71,1316271.57
four,10,265,800193.41,1383802.90
four,10,270,822313.19,1423126.57
four,10,275,1251462.64,1417624.73
four,10,280,981980.22,1540962.42
four,10,285,1234517.58,1590294.70
four,10,290,1451039.56,1677277.28
four,10,295,1454160.44,1676704.70
